<!-- 主题配置:所有的颜色支持十六进制、rgba、rgb -->
<theme font-src="" font-family="" font-size="13">
    <!-- 默认控件颜色 -->
    <form-text-color background-color="rgba(0,0,0,0)" border-color="rgba(0,0,0,0)" text-normal-color="#000000" text-hover-color="#cccccc" text-down-color="rgba(0,0,0,255)" text-focus-color="#d2d2d2" text-checked-color="rgba(0,0,0,0)" text-selected-color="rgba(0,0,0,0)"/>
	<!-- 窗口配置 -->
	<form-window padding-shadow="11,11,11,11" margin="0,0,0,0" size="100%,35" radius="0" text-normal-color="rgba(0,0,0,255)" color-Bar="rgba(255,255,255,255)" border-color="rgba(0,0,0,0)" border-size="10" shadow-color="#c8c8c8" font-size="14" font-style="1" padding-text="8,0,8,0" button-normal-color="rgba(129,140,151,255)" button-hover-color="rgba(30,30,30,255)" button-down-color="rgba(30,30,30,255)"/>
	
	<window-close normal="0,0,30,30" hover="30,0,60,30" down="60,0,90,30"/>
	<window-max normal="0,0,30,30" hover="30,0,60,30" down="60,0,90,30"/>
	<window-min normal="0,0,30,30" hover="30,0,60,30" down="60,0,90,30"/>
	<window-restore normal="0,0,30,30" hover="30,0,60,30" down="60,0,90,30"/>
	<window-skn normal="0,0,30,30" hover="30,0,60,30" down="60,0,90,30"/>
	<window-menu normal="0,0,30,30" hover="30,0,60,30" down="60,0,90,30"/>
	<window-setting normal="0,0,30,30" hover="30,0,60,30" down="60,0,90,30"/>
	<window-help normal="0,0,30,30" hover="30,0,60,30" down="60,0,90,30"/>
	<!-- 菜单 -->
	<form-menu padding-shadow="11,11,11,11" radius="6" background-color="rgba(255,255,255,250)" border-color="rgba(0,0,0,0)" border-size="10" shadow-color="#c8c8c8" padding-client="5,2,5,2" size-item="100,30" size-separator="0,5" padding-separator="0,1,0,1" padding-text="42,0,20,0"/>
	
	<!-- 菜单、列表项目 纯色模式 -->
	<form-item font-size="12" font-style="0" background-color="rgba(255,255,255,250)" border-color="rgba(0,0,0,0)" text-normal-color="rgba(0,0,0,230)" text-checked-color="rgba(0,0,0,230)" text-hover-color="rgba(0,0,0,230)"/>
	
	<!-- 菜单、列表项目
	<form-item image-src="item\item.png" image-grid="4,4,4,4" hover="0,0,16,16" select="0,0,16,16" separator="0,17,16,20" expand="0,55,16,71" check="0,21,16,37" radio="0,38,16,54" exportFile="0,72,16,88" Downarrow="0,89,16,105" checkbutton="0,103,16,118" font-size="12" font-style="0" text-normal-color="rgba(0,0,0,230)" text-checked-color="rgba(0,0,0,230)" text-hover-color="rgba(0,0,0,230)"/> -->
	
	<!-- 信息框 -->
	<form-messagebox image-src="messagebox\messagebox.png" image-grid="2,31,2,36" color-Bar="rgba(255,255,255,255)" background-color="rgba(255,255,255,230)" text-normal-color="rgba(0,0,0,230)" shadow-color="#c8c8c8" border-color="rgba(0,0,0,0)" border-size="10" rect="0,0,5,80" msg16="5,0,45,40" msg32="45,0,85,40" msg48="5,40,45,80" msg64="45,40,85,80" msg128="85,0,125,40"/>
	<!-- 提示 -->
	<form-tips image-src="messagebox\tips.png" msg-error="0,0,32,32" msg-enquire="32,0,64,32" msg-success="64,0,96,32" msg-info="96,0,128,32" msg-warning="128,0,160,32" info-crText="rgba(15,175,173,255)" info-crBorder="rgba(191,249,248,255)" info-crBackground="rgba(231,253,252,255)" success-crText="rgba(78,187,35,255)" success-crBorder="rgba(216,247,186,255)" success-crBackground="rgba(243,255,232,255)" warning-crText="rgba(241,179,6,255)" warning-crBorder="rgba(251,241,204,255)" warning-crBackground="rgba(255,249,235,255)" error-crText="rgba(243,75,81,255)" error-crBorder="rgba(254,226,226,255)" error-crBackground="rgba(255,247,247,255)" enquire-crText="rgba(66,194,192,255)" enquire-crBorder="rgba(193,249,248,255)" enquire-crBackground="rgba(231,253,252,255)"/>
	<!-- 控件提示 -->
	<form-tooltips rgbBlack="rgba(255,255,255,255)" rgbWhite="rgba(0,0,0,255)" balloon="0" margin="8,8,8,8"/>
	<!-- 纵向滚动条 -->
	<form-vscroll image-src="ScrollBar\vscroll.png" image-grid="5,4,5,4" size="12,12,12,30" rect="36,12,48,32" thumb-normal="0,12,12,32" thumb-hover="12,12,24,32" thumb-down="24,12,36,32" arrow1-normal="0,0,12,12" arrow1-hover="12,0,24,12" arrow1-down="24,0,36,12" arrow2-normal="0,32,12,44" arrow2-hover="12,32,24,44" arrow2-down="24,32,36,44"/>
	<!-- 纵向滚动条 纯色模式
	<form-vscroll size="12,12,12,30" radius="4" mini-radius="2" normal-color="rgba(122,122,122,255)" hover-color="rgba(133,133,133,255)" down-color="rgba(133,133,133,255)"/> -->
	
	<!-- 横向滚动条 -->
	<form-hscroll image-src="ScrollBar\hscroll.png" image-grid="5,4,5,4" size="12,12,12,30" rect="12,36,32,48" thumb-normal="12,0,32,12" thumb-hover="12,12,32,24" thumb-down="12,24,32,36" arrow1-normal="0,0,12,12" arrow1-hover="0,12,12,24" arrow1-down="0,24,12,36" arrow2-normal="32,0,44,12" arrow2-hover="32,12,44,24" arrow2-down="32,24,44,36"/>
	<!-- 横向滚动条 纯色模式
	<form-hscroll size="12,12,12,30" radius="4" mini-radius="2" normal-color="rgba(122,122,122,255)" hover-color="rgba(133,133,133,255)" down-color="rgba(133,133,133,255)"/> -->
	
	<!-- 编辑框 
	<form-edit image-src="edit\edit.png" image-grid="5,5,5,5" padding-text="2,0,2,0" normal="0,0,80,19" hover="0,21,80,40" focus="0,21,80,40" text-normal-color="rgba(0,0,0,255)" color-banner="rgba(0,0,0,128)"/> -->
	<!-- 编辑框 纯色模式 -->
	<form-edit background-color="#ffffff" border-color="#d2d2d2" border-hover-color="#16baaa" padding-text="2,2,2,2" text-normal-color="rgba(0,0,0,255)" color-banner="rgba(0,0,0,128)"/>
	<!-- 热键框 -->
	<form-hotkey background-color="#ffffff" border-color="#d2d2d2" border-hover-color="#16baaa" text-normal-color="rgba(0,0,0,255)"/>
	<!-- 默认按钮 -->
	<form-button image-src="button\button.png" image-grid="5,5,5,5" padding-text="4,4,4,4" normal="0,0,90,32" hover="90,0,180,32" down="180,0,270,32" focus="270,0,360,32" text-normal-color="rgba(30,30,30,255)" text-hover-color="rgba(0,5,1,200)" text-down-color="rgba(30,30,30,200)" text-focus-color="rgba(218,224,230,255)"/>
	
	<!-- 默认按钮 纯色模式
	<form-button padding-text="4,4,4,4" background-color="#ffffff" border-color="#d2d2d2" border-hover-color="#16baaa" text-normal-color="rgba(30,30,30,255)" text-hover-color="rgba(0,5,1,200)" text-down-color="rgba(30,30,30,200)" text-focus-color="rgba(218,224,230,255)"/> -->
	<!-- 复选框 -->
	<form-checkbutton image-src="button\check.png" image-repeat="2" image-position="0,50%" padding-text="18,0,0,0" normal="0,0,16,16" hover="16,0,32,16" down="32,0,48,16" focus="16,0,32,16" check-normal="16,16,32,32" check-hover="16,16,32,32" check-down="32,16,48,32" check-focus="16,16,32,32" half-normal="32,16,48,32" half-hover="32,16,48,32" half-down="32,16,48,32" half-focus="32,16,48,32" text-normal-color="rgba(0,0,0,230)" text-checked-color="rgba(40,40,40,200)" text-hover-color="rgba(30,30,30,150)" text-down-color="rgba(0,0,0,230)"/>
	<!-- 复选框 纯色模式
	<form-checkbutton padding-text="18,0,0,0" text-normal-color="rgba(0,0,0,230)" text-checked-color="rgba(40,40,40,200)" text-hover-color="rgba(30,30,30,150)" text-down-color="rgba(0,0,0,230)" border-color="#cccccc" border-hover-color="#6fa8dc"/> -->
	
	<!-- 单选框 -->
	<form-radiobutton image-src="button\radio.png" image-repeat="2" image-position="0,50%" padding-text="18,0,0,0" normal="0,0,16,16" hover="16,0,32,16" down="32,0,48,16" focus="16,0,32,16" check-normal="16,16,32,32" check-hover="16,16,32,32" check-down="32,16,48,32" check-focus="16,16,32,32" text-normal-color="rgba(0,0,0,230)" text-checked-color="rgba(40,40,40,200)" text-hover-color="rgba(30,30,30,150)" text-down-color="rgba(0,0,0,230)"/>
	
	<!-- 单选框 纯色模式
	<form-radiobutton padding-text="18,0,0,0" text-normal-color="rgba(0,0,0,230)" text-checked-color="rgba(40,40,40,200)" text-hover-color="rgba(30,30,30,150)" text-down-color="rgba(0,0,0,230)" border-color="#cccccc" border-hover-color="#6fa8dc"/> -->
	
	<!-- 组合框
	<form-combobox image-src="combox\combox.png" image-grid="5,5,5,5" padding-text="5,5,5,5" arrow1-normal="0,11,11,22" arrow1-hover="0,11,11,22" arrow1-down="0,11,11,22" arrow2-normal="0,0,11,11" arrow2-hover="0,0,11,11" arrow2-down="0,0,11,11" text-normal-color="rgba(0,0,0,255)" banner-color="rgba(0,0,0,128)"/> -->
	
	<!-- 组合框 纯色模式 -->
	<form-combobox padding-text="5,5,5,5" background-color="#ffffff" border-color="#d2d2d2" text-normal-color="rgba(0,0,0,255)" banner-color="rgba(0,0,0,128)" state-color="rgba(0,0,0,128)"/>
	
	<!-- 组合框列表 
	<form-combolist image-src="edit\edit.png" image-grid="5,5,5,5" padding-text="5,5,5,5" padding-client="2,2,2,2" com.normal="0,20,80,40" normal="0,0,80,20" hover="0,21,80,40" focus="0,21,80,40"/> -->
	
	<!-- 组合框列表 纯色模式 -->
	<form-combolist padding-text="5,5,5,5" background-color="#ffffff" border-color="#d2d2d2" padding-client="2,2,2,2"/>
	
	<!-- 调节器
	<form-spin image-src="Spin\SpinIcon.png" image-grid="1,1,1,1" left-normal="0,0,15,15" left-hover="16,0,31,15" left-down="32,0,47,15" right-normal="48,0,63,15" right-hover="64,0,79,15" right-down="80,0,95,15"/> -->
    <!-- 调节器 纯色模式 -->
	<form-spin text-normal-color="rgba(183,208,229,150)" text-hover-color="rgba(183,208,229,255)" text-down-color="rgba(183,208,229,155)"/>
	
	<!-- 开关 -->
	<form-switch text-normal-color="rgba(0,0,0,230)" text-checked-color="rgba(255,255,255,255)" crbkgnormal="rgba(220,220,220,255)" crbkghover="rgba(255,255,255,255)" crbkgdownorchecked="rgba(0,103,192,255)" crbordernormal="rgba(200,200,200,255)" crborderhover="rgba(210,210,210,255)" crborderdownorchecked="rgba(255,255,255,255)" radius="15" strokewidth="1"/>
	<!-- 进度条 -->
	<form-progress text-normal-color="rgba(255,255,255,230)" crbkgnormal="rgba(245,245,245,255)" strokeColor="rgba(24,144,255,255)" radius="0" donut-size="5" range="1000"/>
	<!-- 滑块条 -->
	<form-solider block-size="5" track-size="3" crbkgnormal="rgba(245,245,245,255)" strokeColor="rgba(24,144,255,255)" max="1000" min="0"/>
	<!-- 分页 -->
	<form-paging crbkgnormal="rgba(255,255,255,255)" crbkghover="rgba(255,255,255,255)" crbkgchecked="rgba(255,255,255,255)" crbkgban="rgba(255,255,255,255)" crbordernormal="rgba(217,217,217,255)" crborderhover="rgba(24,144,255,255)" crborderchecked="rgba(24,144,255,255)" crborderban="rgba(217,217,217,255)" crtextnormal="rgba(65,65,65,255)" crtexthover="rgba(24,144,255,255)" crtextchecked="rgba(24,144,255,255)" crtextban="rgba(199,199,199,255)" crcromitnormal="rgba(65,65,65,200)" crcromithover="rgba(24,144,255,255)" radius="3" space="8"/>
</theme>
<!-- 默认鼠标光标
<window-cursor>
    <cursor id="32512" src="cur\arrow.cur"/>
    <cursor id="32515" src="cur\cross.cur"/>
	<cursor id="32649" src="cur\hand.cur"/>
	<cursor id="32651" src="cur\help.cur"/>
	<cursor id="32648" src="cur\no.cur"/>
	<cursor id="32640" src="cur\size.cur"/>
	<cursor id="32643" src="cur\sizenesw.cur"/>
	<cursor id="32645" src="cur\sizens.cur"/>
	<cursor id="32642" src="cur\sizenwse.cur"/>
	<cursor id="32644" src="cur\sizewe.cur"/>
	<cursor id="32513" src="cur\text.cur"/>
	<cursor id="32516" src="cur\uparrow.cur"/>
	<cursor id="32514" src="cur\wait.cur"/>
</window-cursor> -->
   
	